ngram,count
image image image,0.184
sent thursday october,0.07
hou cc subject,0.068
sent tuesday january,0.066
ward kim houston,0.063
sent tuesday january 29 2002,0.062
tuesday january 29,0.062
tuesday january 29 2002,0.062
january 29 2002,0.062
sent tuesday january 29,0.062
enron north america,0.062
gas roll plan,0.061
west gas roll plan,0.061
west gas roll,0.061
october 18 2001,0.058
messages parsing file,0.057
log messages parsing,0.057
log messages parsing file,0.057
westdesk california scheduling,0.056
westdesk california scheduling iso,0.056
westdesk california scheduling iso final schedules,0.056
westdesk california scheduling iso final,0.056
file portland westdesk california,0.056
messages parsing file portland,0.056
thursday october 18 2001,0.056
thursday october 18,0.056
file portland westdesk,0.056
file portland westdesk california scheduling,0.056
scheduling iso final,0.056
portland westdesk california scheduling iso final,0.056
sent thursday october 18,0.056
sent thursday october 18 2001,0.056
messages parsing file portland westdesk,0.056
messages parsing file portland westdesk california,0.056
log messages parsing file portland westdesk,0.056
file portland westdesk california scheduling iso,0.056
log messages parsing file portland,0.056
iso final schedules,0.056
portland westdesk california scheduling,0.056
scheduling iso final schedules,0.056
parsing file portland,0.056
parsing file portland westdesk california scheduling,0.056
parsing file portland westdesk,0.056
parsing file portland westdesk california,0.056
california scheduling iso final,0.056
california scheduling iso,0.056
portland westdesk california,0.056
portland westdesk california scheduling iso,0.056
california scheduling iso final schedules,0.056
tana jones hou,0.053
ancillary schedules awarded variances,0.05
ancillary schedules awarded,0.05
schedules awarded variances,0.05
awarded variances detected,0.05
schedules awarded variances detected,0.05
ancillary schedules awarded variances detected,0.05
kay mann corp,0.045
detected log messages,0.039
awarded variances detected log,0.039
detected log messages parsing,0.039
variances detected log messages,0.039
variances detected log messages parsing,0.039
variances detected log messages parsing file,0.039
variances detected log,0.039
detected log messages parsing file portland,0.039
detected log messages parsing file,0.039
schedules awarded variances detected log,0.039
awarded variances detected log messages parsing,0.039
awarded variances detected log messages,0.039
schedules awarded variances detected log messages,0.039
ancillary schedules awarded variances detected log,0.039
subject west gas roll plan,0.036
subject west gas,0.036
subject west gas roll,0.036
north america corp,0.036
pm keiser kam,0.036
kay mann corp cc,0.036
mann corp cc,0.036
enron north america corp,0.036
corp cc subject,0.036
let know questions,0.035
white stacey subject,0.034
sent wednesday october,0.033
let know need,0.032
01 hourahead hour,0.032
message ward kim,0.031
new york times,0.031
original message ward kim,0.031
original message ward,0.031
message mann kay,0.03
pm kay mann corp,0.03
original message mann kay,0.03
original message mann kay sent,0.03
mann kay sent,0.03
original message mann,0.03
message mann kay sent,0.03
message ward kim houston,0.03
original message ward kim houston,0.03
pm kay mann,0.03
sent friday june,0.029
original message ward kim houston sent,0.029
message ward kim houston sent tuesday,0.029
message ward kim houston sent,0.029
kim houston subject,0.029
kim houston sent tuesday january 29,0.029
kim houston sent tuesday january,0.029
kim houston sent tuesday,0.029
kim houston sent,0.029
houston sent tuesday january 29 2002,0.029
houston sent tuesday january 29,0.029
houston sent tuesday january,0.029
houston sent tuesday,0.029
02 hourahead hour,0.029
ward kim houston subject,0.029
ward kim houston sent tuesday january,0.029
ward kim houston sent tuesday,0.029
ward kim houston sent,0.029
let know thanks,0.028
pm kay mann corp cc,0.028
gerald nemec hou,0.028
free download msn explorer,0.027
free download msn,0.027
download msn explorer,0.027
_________________________________________________________________ free download,0.027
message white stacey,0.027
message white stacey sent,0.027
pm cc subject,0.027
white stacey sent,0.027
tana jones hou ect,0.026
forwarded tana jones hou ect,0.026
kim houston subject west gas roll,0.026
_________________________________________________________________ free download msn explorer,0.026
_________________________________________________________________ free download msn,0.026
sent tuesday november,0.026
ward kim houston subject west,0.026
forwarded tana jones hou,0.026
houston subject west gas roll,0.026
houston subject west,0.026
ward kim houston subject west gas,0.026
houston subject west gas,0.026
jones hou ect,0.026
kim houston subject west gas,0.026
kim houston subject west,0.026
mailto sent monday,0.026
forwarded tana jones,0.026
houston subject west gas roll plan,0.026
subject fw west gas roll,0.025
white stacey sent thursday october 18,0.025
subject fw west gas,0.025
subject fw west,0.025
subject fw west gas roll plan,0.025
stacey sent thursday,0.025
fw west gas,0.025
fw west gas roll,0.025
fw west gas roll plan,0.025
white stacey sent thursday october,0.025
sent tuesday october,0.025
message white stacey sent thursday october,0.025
white stacey sent thursday,0.025
message white stacey sent thursday,0.025
stacey sent thursday october 18 2001,0.025
stacey sent thursday october,0.025
stacey sent thursday october 18,0.025
2002 03 pm,0.024
fax 713 646,0.024
stacey original message,0.024
kam original message,0.024
west gas roll plan kim,0.023
subject west gas roll plan kim,0.023
roll plan kim,0.023
monday october 22,0.023
keiser kam subject,0.023
gas roll plan kim,0.023
pm keiser kam subject,0.022
review let discuss,0.022
hour ancillary schedules,0.022
hour ancillary schedules awarded,0.022
hour ancillary schedules awarded variances,0.022
hour ancillary schedules awarded variances detected,0.022
hourahead hour ancillary schedules,0.022
hourahead hour ancillary,0.022
hourahead hour ancillary schedules awarded,0.022
hourahead hour ancillary schedules awarded variances,0.022
03 ward kim houston subject west,0.021
03 ward kim houston subject,0.021
03 ward kim houston,0.021
03 ward kim,0.021
thanks kam original message,0.021
10 03 ward kim houston,0.021
10 03 ward kim,0.021
10 03 ward,0.021
company closed intent compiling information,0.021
summary report close,0.021
compiling information able,0.021
company closed intent compiling information able,0.021
summary report close values customers coordinate,0.021
thanks kam original,0.021
summary report close values customers,0.021
summary report close values,0.021
intent compiling information able,0.021
intent compiling information able position,0.021
intent compiling information,0.021
including utilization analyst complete,0.021
including utilization analyst complete list cash,0.021
information able position,0.021
information able position ourself,0.021
information able position ourself appropriate,0.021
utilization analyst complete list cash means,0.021
values customers coordinate,0.021
heard marie subject,0.021
kay mann corp cc subject,0.021
intent compiling information able position ourself,0.021
including utilization analyst complete list,0.021
including utilization analyst,0.021
values customers coordinate credit,0.021
january 29 2002 10 03 ward,0.021
january 29 2002 10,0.021
january 29 2002 10 03,0.021
cash means receivables payables,0.021
kim roll plans,0.021
list cash means receivables payables positions,0.021
mann corp cc subject,0.021
means receivables payables,0.021
kim roll plans need summary report,0.021
kim roll plans need summary,0.021
kim roll plans need,0.021
credit including utilization,0.021
credit including utilization analyst,0.021
analyst complete list,0.021
analyst complete list cash,0.021
list cash means,0.021
analyst complete list cash means,0.021
analyst complete list cash means receivables,0.021
sent monday november,0.021
sent tuesday january 29 2002 10,0.021
29 2002 10 03,0.021
29 2002 10 03 ward,0.021
values customers coordinate credit including,0.021
values customers coordinate credit including utilization,0.021
close values customers coordinate,0.021
close values customers,0.021
cash means receivables payables positions outstanding,0.021
cash means receivables payables positions,0.021
message tycholiz barry,0.021
message tycholiz barry sent,0.021
customers coordinate credit including utilization analyst,0.021
west gas roll plan kim roll,0.021
credit including utilization analyst complete list,0.021
close values customers coordinate credit including,0.021
closed intent compiling,0.021
closed intent compiling information,0.021
closed intent compiling information able,0.021
closed intent compiling information able position,0.021
company closed intent,0.021
company closed intent compiling,0.021
close values customers coordinate credit,0.021
credit including utilization analyst complete,0.021
coordinate credit including,0.021
coordinate credit including utilization,0.021
coordinate credit including utilization analyst,0.021
means receivables payables positions outstanding,0.021
means receivables payables positions outstanding mtm,0.021
cash means receivables,0.021
means receivables payables positions,0.021
coordinate credit including utilization analyst complete,0.021
list cash means receivables,0.021
list cash means receivables payables,0.021
roll plans need,0.021
mtm mtm company closed,0.021
original message tycholiz barry,0.021
original message tycholiz barry sent,0.021
mtm mtm company closed intent compiling,0.021
mtm mtm company closed intent,0.021
need summary report,0.021
need summary report close,0.021
original message tycholiz,0.021
roll plans need summary,0.021
need summary report close values,0.021
need summary report close values customers,0.021
29 2002 10 03 ward kim,0.021
able position ourself,0.021
able position ourself appropriate,0.021
compiling information able position,0.021
compiling information able position ourself,0.021
compiling information able position ourself appropriate,0.021
roll plans need summary report,0.021
roll plans need summary report close,0.021
complete list cash means,0.021
complete list cash,0.021
complete list cash means receivables payables,0.021
complete list cash means receivables,0.021
gas roll plan kim roll plans,0.021
message tycholiz barry sent tuesday,0.021
message tycholiz barry sent tuesday january,0.021
gas roll plan kim roll,0.021
mtm company closed,0.021
mtm company closed intent,0.021
mtm company closed intent compiling information,0.021
mtm company closed intent compiling,0.021
mtm mtm company,0.021
customers coordinate credit,0.021
customers coordinate credit including,0.021
customers coordinate credit including utilization,0.021
utilization analyst complete list cash,0.021
utilization analyst complete list,0.021
tycholiz barry sent,0.021
tuesday january 29 2002 10 03,0.021
utilization analyst complete,0.021
tycholiz barry sent tuesday january 29,0.021
tycholiz barry sent tuesday,0.021
tycholiz barry sent tuesday january,0.021
tuesday january 29 2002 10,0.021
29 2002 10,0.021
2002 10 03 ward,0.021
2002 10 03,0.021
2002 10 03 ward kim houston,0.021
2002 10 03 ward kim,0.021
receivables payables positions outstanding mtm,0.021
plans need summary report close values,0.021
positions outstanding mtm,0.021
positions outstanding mtm mtm,0.021
positions outstanding mtm mtm company closed,0.021
receivables payables positions,0.021
receivables payables positions outstanding,0.021
positions outstanding mtm mtm company,0.021
10 03 ward kim houston subject,0.021
position ourself appropriate,0.021
payables positions outstanding mtm mtm,0.021
payables positions outstanding mtm,0.021
payables positions outstanding,0.021
payables positions outstanding mtm mtm company,0.021
plan kim roll plans need,0.021
plan kim roll plans,0.021
plan kim roll,0.021
plan kim roll plans need summary,0.021
plans need summary,0.021
original message tycholiz barry sent tuesday,0.021
plans need summary report,0.021
plans need summary report close,0.021
report close values customers coordinate credit,0.021
roll plan kim roll,0.021
roll plan kim roll plans,0.021
roll plan kim roll plans need,0.021
report close values customers coordinate,0.021
report close values customers,0.021
report close values,0.021
receivables payables positions outstanding mtm mtm,0.021
outstanding mtm mtm,0.021
outstanding mtm mtm company,0.021
outstanding mtm mtm company closed,0.021
outstanding mtm mtm company closed intent,0.021
barry sent tuesday january 29 2002,0.021
barry sent tuesday,0.021
barry sent tuesday january,0.021
barry sent tuesday january 29,0.021
03 pm keiser kam,0.02
january 29 2002 03 pm,0.02
january 29 2002 03 pm keiser,0.02
january 29 2002 03,0.02
karen lambert hou,0.02
information able position ourself appropriate conversation,0.02
kam original message ward kim,0.02
kam original message ward kim houston,0.02
able position ourself appropriate conversation,0.02
sent tuesday january 29 2002 03,0.02
cc subject teco,0.02
29 2002 03 pm keiser kam,0.02
tuesday january 29 2002 03,0.02
03 pm keiser,0.02
thanks stacey original message,0.02
2002 03 pm keiser,0.02
29 2002 03 pm,0.02
29 2002 03 pm keiser,0.02
2002 03 pm keiser kam,0.02
29 2002 03,0.02
thanks stacey original,0.02
position ourself appropriate conversation,0.02
ourself appropriate conversation,0.02
original message white stacey sent,0.02
original message white stacey,0.02
original message white,0.02
pm white stacey subject,0.02
pm white stacey,0.02
tuesday january 29 2002 03 pm,0.02
kam original message ward,0.02
2001 14 pm,0.02
gas roll plan original,0.019
03 pm keiser kam subject fw,0.019
03 pm keiser kam subject,0.019
gas roll plan original message tycholiz,0.019
gas roll plan original message,0.019
thanks kam original message ward,0.019
keiser kam subject fw west,0.019
keiser kam subject fw west gas,0.019
able position ourself appropriate conversation customer,0.019
kam subject fw west gas roll,0.019
kam subject fw west gas,0.019
kam subject fw west,0.019
kam subject fw,0.019
conversation customer enron owes,0.019
conversation customer enron owes money,0.019
west gas roll plan original message,0.019
west gas roll plan original,0.019
customer enron owes,0.019
enron owes money,0.019
conversation customer enron,0.019
mailto sent monday november,0.019
keiser kam subject fw,0.019
customer enron owes money,0.019
fw west gas roll plan original,0.019
ourself appropriate conversation customer,0.019
roll plan original,0.019
roll plan original message,0.019
roll plan original message tycholiz,0.019
roll plan original message tycholiz barry,0.019
plan original message tycholiz barry sent,0.019
ourself appropriate conversation customer enron owes,0.019
ourself appropriate conversation customer enron,0.019
position ourself appropriate conversation customer,0.019
appropriate conversation customer,0.019
plan original message tycholiz barry,0.019
plan original message,0.019
appropriate conversation customer enron owes money,0.019
plan original message tycholiz,0.019
position ourself appropriate conversation customer enron,0.019
appropriate conversation customer enron owes,0.019
appropriate conversation customer enron,0.019
2002 03 pm keiser kam subject,0.019
pm keiser kam subject fw,0.019
pm keiser kam subject fw west,0.019
thanks kam original message ward kim,0.019
wednesday october 17,0.018
pls review let discuss,0.018
pls review let,0.018
review let discuss bt,0.018
owes money know walk door pls,0.018
pls review let discuss bt,0.018
owes money know,0.018
original message white stacey sent thursday,0.018
owes money know walk,0.018
owes money know walk door,0.018
door pls review let discuss,0.018
conversation customer enron owes money know,0.018
enron owes money know,0.018
customer enron owes money know walk,0.018
money know walk,0.018
wednesday october 17 2001,0.018
money know walk door pls,0.018
money know walk door,0.018
october 17 2001,0.018
walk door pls review let,0.018
walk door pls review let discuss,0.018
enron net works,0.018
let discuss bt,0.018
know walk door,0.018
walk door pls review,0.018
walk door pls,0.018
door pls review let discuss bt,0.018
know walk door pls review,0.018
enron owes money know walk door,0.018
enron owes money know walk,0.018
door pls review,0.018
door pls review let,0.018
money know walk door pls review,0.018
customer enron owes money know,0.018
know walk door pls review let,0.018
know walk door pls,0.018
18 2001 10,0.017
sent thursday october 18 2001 10,0.017
october 18 2001 10,0.017
thursday october 18 2001 10,0.017
original message mailto,0.016
1400 smith street,0.016
houston texas 77002,0.015
message mailto sent,0.014
original message mailto sent,0.014
group thanks kam original,0.013
group thanks kam original message ward,0.013
confirmations group thanks kam original,0.013
txt start date,0.013
confirmations group thanks,0.013
confirmations group thanks kam,0.013
group thanks kam original message,0.013
confirmations group thanks kam original message,0.013
group thanks kam,0.013
review let discuss bt file westgascustlistrolloutplan,0.012
pls review let discuss bt file,0.012
review let discuss bt file,0.012
bt file westgascustlistrolloutplan,0.012
bt file westgascustlistrolloutplan xls,0.012
file westgascustlistrolloutplan xls,0.012
fyi original message,0.012
let discuss bt file westgascustlistrolloutplan xls,0.012
let discuss bt file,0.012
let discuss bt file westgascustlistrolloutplan,0.012
discuss bt file,0.012
discuss bt file westgascustlistrolloutplan xls,0.012
discuss bt file westgascustlistrolloutplan,0.012
message keiser kam,0.011
original message keiser kam sent tuesday,0.011
original message keiser,0.011
original message keiser kam,0.011
original message keiser kam sent,0.011
message keiser kam sent,0.011
message keiser kam sent tuesday,0.011
message keiser kam sent tuesday january,0.011
kam sent tuesday january,0.011
kam sent tuesday,0.011
keiser kam sent tuesday january 29,0.011
keiser kam sent tuesday january,0.011
keiser kam sent tuesday,0.011
keiser kam sent,0.011
kam sent tuesday january 29 2002,0.011
kam sent tuesday january 29,0.011
